Address Line 1,Address Line 2,Age on 12/31/2019,Bib,Category Entered,City,Country,Date of Birth,Email,Entry Fee,Entry Type,First Name,LNAME,Phone,RaceDayCode,Emergency Contact,Emergency Phone,Gender,State,Team,UCI Code,UCI Points,UCI Rank,USAC License,ZIP,Quantity,Transaction Type,Last Name
3005 rosalind ave sw,,35,,XXC Singlespeed; T shirt - M,Roanoke,USA,9/8/1984 12:00:00 AM,aaron@copelandexcavation.com,30.00; 15.00,Online,Aaron,COPELAND,(540) 257-1165,18.XXC Singlespeed; T shirt - M,Amanda copeland,(540) 239-6593,M,VA,,,0,9999,,24014,1,Reg; Merch,Copeland
4108 Holly Dr,,33,,Expert Women (open),Barboursville,USA,1/30/1986 12:00:00 AM,abbykthiele@gmail.com,30.00,Online,Abigail,THIELE,(919) 916-9944,4.Expert Women (open),Mary Thiele,(919) 280-0939,F,VA,The Endurance Collective,,0,9999,,22923,1,Reg,Thiele
702 Belmont Ave,,48,,T shirt - L; XXC Master 45+,Charlottesville,USA,1/17/1971 12:00:00 AM,adrian.halme@gmail.com,15.00; 30.00,Online,Adrian,HALME,(434) 326-0116,T shirt - L; 17.XXC Master 45+,Dina Halme,(510) 409-2976,M,VA,,,0,9999,,22902,1,Merch; Reg,Halme
242 Ridge St,,32,,XXC Men,Madison Heights,USA,11/30/1987 12:00:00 AM,d.alancross@gmail.com,30.00,Online,Alan,CROSS,(336) 210-3726,1.XXC Men,Kaiti Aletter,(910) 548-5071,M,VA,Bikes Unlimited,,0,9999,,24572,1,Reg,Cross
339 Carpenter Ln,,27,,Beginner Women (open),Mineral,USA,6/7/1992 12:00:00 AM,allexa_23@me.com,30.00,Online,Alexandra,GARCIA SANTIAGO,(787) 365-5298,10.Beginner Women (open),Kenny Grover,(757) 615-9665,F,VA,Women's Multisport of Richmond,,0,9999,,23117,1,Reg,Garcia Santiago
6036 Chagall Dr,,42,,Master Sport Men 35-44; T shirt - L,Roanoke,USA,6/2/1977 12:00:00 AM,petogi@gmail.com,30.00; 15.00,Online,Andres,JARAMILLO,(252) 294-8655,7.Master Sport Men 35-44; T shirt - L,Natalia Jaimes,(252) 294-8654,M,VA,Roanoke  Valley Devo,,0,9999,,24018,1,Reg; Merch,Jaramillo
111 Rutledge Drive,Apt 01,39,,T shirt - M; Master Sport Men 35-44; Trail Maintenance Donations Welcomed - donation,Salem,USA,7/29/1980 12:00:00 AM,andrewstuartburton@gmail.com,15.00; 30.00; 5.00,Online,Andrew,BURTON,(484) 895-8118,T shirt - M; 7.Master Sport Men 35-44; Trail Maintenance Donations Welcomed - donation,Andrew Burton,(484) 895-8118,M,VA,Trail Seekers,,0,9999,,24153,1; 5,Merch; Reg,Burton
425 Harvest Ct,,17,,XXC Women,Lynchburg,USA,3/29/2002 12:00:00 AM,armelle.duston@gmail.com,30.00,Online,Armelle,DUSTON,(434) 851-0200,2.XXC Women,Berenger d'Uston,(434) 851-0623,F,VA,Blackwater Bike Shop,,0,9999,,24502,1,Reg,Duston
5239 Graystone Rd,,36,,XXC Women,Warrenton,USA,1/7/1983 12:00:00 AM,amayer7@gmail.com,30.00,Online,Ashley,MAYER,(570) 498-6096,2.XXC Women,Matthew Ralph,(570) 604-3478,F,VA,CAMBO,,0,9999,,20187,1,Reg,Mayer
7245 Cowpatch Drive,,38,,XXC Men,Mount Crawford,USA,6/16/1981 12:00:00 AM,bemartinster@gmail.com,30.00,Online,Benjamin,MARTIN,(540) 421-7606,1.XXC Men,Jennifer Martin,(540) 421-7605,M,VA,SVBC,,0,9999,,22841,1,Reg,Martin
7024 Mariners Landing Dr.,,48,,Master  Men 45 - 54,Fayetteville,USA,5/31/1971 12:00:00 AM,bobhro78@gmail.com,30.00,Online,Bob,HROBAK,(910) 487-3692,13.Master  Men 45 - 54,Jolene hrobak,(910) 580-5678,M,NC,,,0,9999,,28306,1,Reg,Hrobak
1806 Aston Lane,,63,,Beginner Women (open),Henrico,USA,10/13/1956 12:00:00 AM,bjanussk8@gmail.com,30.00,Online,Bobbi,PALCZYNSKI,(804) 263-0805,10.Beginner Women (open),Ruth Palczynski,(804) 212-8916,F,VA,Women's Multisports of Richmond,,0,9999,,23238,1,Reg,Palczynski
307 Summerlake lane,,45,,Master  Men 45 - 54,Newport News,USA,6/15/1974 12:00:00 AM,ceo@bonestile.com,30.00,Online,C. Aaron,HUETHER,(757) 532-3567,13.Master  Men 45 - 54,Missy Huether,(757) 570-6477,M,VA,THR cycling,,0,9999,0191925,23602,1,Reg,Huether
48 Apple Jack Ln,,42,,XXC Women,Staunton,USA,7/2/1977 12:00:00 AM,cscott.wright@gmail.com,30.00,Online,Cathy,WRIGHT,(540) 221-0313,2.XXC Women,Joan Wright,(540) 241-5522,F,VA,opiewantstopartyallthetime,,0,9999,,24401,1,Reg,Wright
803 Lee Street,,55,,XXC Master 45+; T shirt - M,Blacksburg,USA,9/19/1964 12:00:00 AM,cdye@vt.edu,30.00; 15.00,Online,Charles,DYE,(406) 600-5752,17.XXC Master 45+; T shirt - M,Ann Dye,(406) 600-3279,M,VA,Let Scomparse,,0,9999,,24060,1,Reg; Merch,Dye
216 Grassy Ridge Ter,,53,,Master  Men 45 - 54; Trail Maintenance Donations Welcomed - donation,Purcellville,USA,12/2/1966 12:00:00 AM,mtnbkeguy@aol.com,30.00; 20.00,Online,Charles,ROCKWELL,(540) 449-1115,13.Master  Men 45 - 54; Trail Maintenance Donations Welcomed - donation,Monica Rockwell,(510) 239-8199,M,VA,,,0,9999,,20132,1; 20,Reg; Merch,Rockwell
819 montgomery,,48,,XXC Master 45+,blacksburg,USA,7/29/1971 12:00:00 AM,chrispohowsky@hotmail.com,30.00,Online,chris,POHOWSKY,(540) 239-7708,17.XXC Master 45+,carolyn pohowsky,(540) 468-3838,M,VA,moon stomper,,0,9999,,24060,1,Reg,pohowsky
1971 University BLVD,Attn:OSL,31,,Sport Men  19-34,Lynchburg,USA,3/19/1988 12:00:00 AM,cldeaton@liberty.edu,30.00,Online,Christopher,DEATON,(704) 689-8590,5.Sport Men  19-34,Christopher Deaton,(704) 689-8590,M,VA,Blackwater Bike Shop Race Team,,0,9999,,24515,1,Reg,Deaton
803 Lee St,,15,,Varsity High School Grade 11-12 (open),Blacksburg,USA,3/21/2004 12:00:00 AM,colmdye@mcps.org,20.00,Online,Colm,DYE,(540) 467-2184,21.Varsity High School Grade 11-12 (open),Ann Dye,(540) 467-2281,M,VA,Blacksburg High School,,0,9999,,24060,1,Reg,Dye
2838 Rosemary Ln,,39,,XXC Men,Falls Church,USA,8/5/1980 12:00:00 AM,danewp@gmail.com,30.00,Online,Dane,PARIS,(301) 910-2322,1.XXC Men,Casey Bailey,(540) 421-8528,M,VA,Team Bikenetic,,0,9999,454946,22042,1,Reg,Paris
466 Spicer rd,,36,,XXC Men,Lynchburg,USA,2/11/1983 12:00:00 AM,dan4jeepin@hotmail.com,30.00,Online,Daniel,MCPEAKE,(434) 258-1501,1.XXC Men,Karoline McPeake,(434) 851-0060,M,VA,Blackwater Bikeshop,,0,9999,,24504,1,Reg,McPeake
909 Lafayette blvd,,53,,XXC Master 45+,Fredericksburg,USA,6/4/1966 12:00:00 AM,dfrizzell6@yahoo.com,30.00,Online,Danny,FRIZZELL,(540) 903-8675,17.XXC Master 45+,Kristin Frizzell,(540) 287-7844,M,VA,Fred Trails,,0,9999,,22401,1,Reg,Frizzell
25558 Casele Ter,,42,,Master Sport Men 35-44,Chantilly,USA,8/25/1977 12:00:00 AM,davidmcooper@live.com,30.00,Online,David,COOPER,(843) 297-9000,7.Master Sport Men 35-44,Alison Cooper,(703) 932-8068,M,VA,,,0,9999,,20152,1,Reg,Cooper
30158 Hillman hwy,,36,,XXC Men,Meadowview,USA,8/12/1983 12:00:00 AM,dereksdotson@gmail.com,30.00,Online,Derek,DOTSON,(276) 492-1824,1.XXC Men,Malinda Dotson,(276) 628-8260,M,VA,Blue Hills Market,,0,9999,,24361,1,Reg,Dotson
59 glen lane,,38,,XXC Men,Barboursville,USA,2/19/1981 12:00:00 AM,derek.stroh@gmail.com,30.00,Online,Derek,STROH,(434) 466-2877,1.XXC Men,Robert Stroh,(434) 996-3075,M,VA,CAMBO,,0,9999,,22923,1,Reg,Stroh
5456 Crystal Creek Drive,,56,,Master Sport Women 35+,Roanoke,USA,4/27/1963 12:00:00 AM,ellen.sortore7@cox.net,30.00,Online,Ellen,SORTORE,(540) 725-1352,8.Master Sport Women 35+,Chris Sortore,(540) 725-1352,F,VA,,,0,9999,,24018,1,Reg,Sortore
3800 weeping willow drive,apt H,27,,Sport Men  19-34,lynchburg,USA,11/15/1992 12:00:00 AM,,30.00,Online,Eric,LOMBARDO,(908) 952-3868,5.Sport Men  19-34,Jon lombardo,(908) 463-6901,M,VA,,,0,9999,,24501,1,Reg,Lombardo
1705 Gales Ct,,51,,XXC Singlespeed,Winston-Salem,USA,5/13/1968 12:00:00 AM,essauer@yahoo.com,30.00,Online,Eric,SAUER,(336) 655-6403,18.XXC Singlespeed,Teri Sauer,(336) 813-0621,M,NC,--None--,,0,9999,,27103,1,Reg,Sauer
909 West 32nd Street,,43,,XXC Women,Richmond,USA,7/6/1976 12:00:00 AM,francine.rapp@gmail.com,30.00,Online,Francine,RAPP,(804) 301-5115,2.XXC Women,Kate Hoof,(804) 426-2572,F,VA,,,0,9999,,23225,1,Reg,Rapp
1603 Kenwood Ln.,,53,,Master  Men 45 - 54; T shirt - S; T shirt - L,Charlottesville,USA,6/28/1966 12:00:00 AM,fvpohl@gmail.com,30.00; 15.00,Online,Frank,POHL,(434) 466-7458,13.Master  Men 45 - 54; T shirt - S; T shirt - L,Mimi Pohl,(434) 288-0450,M,VA,,,0,9999,,22901,1,Reg; Merch,Pohl
1265 Lafayette Lane,,40,,XXC Men,Charlottesville,USA,11/27/1979 12:00:00 AM,hmattson2002@yahoo.com,0.00,Online,Hakon,MATTSON,(757) 472-6747,1.XXC Men,Paige,(434) 327-9870,M,VA,,,0,9999,,22902,1,Reg,Mattson
5209 N. 25th Rd.,,51,,XXC Master 45+,Arlington,USA,4/29/1968 12:00:00 AM,hamiltonhardman2@hotmail.com,30.00,Online,Hamilton,HARDMAN,(703) 655-5388,17.XXC Master 45+,Michele,THIEME,M,VA,Team Bikenetic,,0,9999,458178,22207,1,Reg,Hardman
909 Lafayette blvd,,21,,Beginner Men (open),Fredericksburg,USA,10/22/1998 12:00:00 AM,dafrizz@gmail.com,30.00,Online,Hunter,FRIZZELL,(540) 903-4899,9.Beginner Men (open),Kristin Frizzell,(540) 907-7844,M,VA,Fred Trails,,0,9999,,22401,1,Reg,Frizzell
3631 Isabel Ct,,11,,Beginner Men (open),BLACKSBURG,USA,7/5/2008 12:00:00 AM,jeferrel@comcast.net,30.00,Online,Jackson,FERRELL,(540) 808-5795,9.Beginner Men (open),Jeremy Ferrell,(540) 808-5795,M,VA,,,0,9999,,24060,1,Reg,Ferrell
101 River Birch Avenue,,48,,Master  Men 45 - 54,Daleville,USA,12/20/1971 12:00:00 AM,jwbaker71@gmail.com,30.00,Online,Jaimison,BAKER,(540) 728-1762,13.Master  Men 45 - 54,Sarah Baker,(540) 728-1651,M,VA,Team Willa,,0,9999,277396,24083,1,Reg,Baker
3757 Harton Rd.,,35,,Beginner Men (open),Virginia Beach,USA,9/24/1984 12:00:00 AM,jnafsey@gmail.com,30.00,Online,James,NAFSEY,(928) 486-4230,9.Beginner Men (open),Jim Nafsey,(928) 230-3984,M,VA,,,0,9999,,23452,1,Reg,Nafsey
3011 Strathmeade Street,,49,,XXC Master 45+,Falls Church,USA,7/22/1970 12:00:00 AM,Jwied70@gmail.com,30.00,Online,James,WIEDHAHN,(703) 785-6519,17.XXC Master 45+,James Wiedhahn,(703) 727-2898,M,VA,Team Bikenetic,,0,9999,38149,22042,1,Reg,wiedhahn
1216 Sarah Lynch Pl,,43,,Beginner Men (open),Lynchburg,USA,3/22/1976 12:00:00 AM,jason.kendall@gmail.com,30.00,Online,Jason,KENDALL,(571) 449-7376,9.Beginner Men (open),Beth Kendall,(202) 557-5447,M,VA,Blackwater Bike Shop Race Team,,0,9999,546872,24503,1,Reg,Kendall
518 carters neck rd,,57,,Expert Women (open),williamsburg,USA,12/16/1962 12:00:00 AM,jeantroutman1962@gmail.com,30.00,Online,jean,TROUTMAN,(757) 755-6095,4.Expert Women (open),pat Troutman,(757) 303-0334,F,VA,,,0,9999,,23188,1,Reg,troutman
3631 Isabel Ct,,42,,Beginner Men (open); T shirt - S,BLACKSBURG,USA,5/25/1977 12:00:00 AM,jeferrel@comcast.net,30.00; 15.00,Online,Jeremy,FERRELL,(540) 808-5795,9.Beginner Men (open); T shirt - S,Jeremy Ferrell,(540) 808-8255,M,VA,,,0,9999,,24060,1,Reg; Merch,Ferrell
10389 Johnson Dr,,40,,XXC Men,King George,USA,4/1/1979 12:00:00 AM,jerdelta@yahoo.com,30.00,Online,Jerico,SLAVIN,(540) 220-2809,1.XXC Men,Terri Slavin,(540) 809-6872,M,VA,,,0,9999,,22485,1,Reg,Slavin
10301 Tingewood Ter,,49,,Master Sport Women 35+,Henrico,USA,6/5/1970 12:00:00 AM,pedalpush567@gmail.com,30.00,Online,Jill,JOHNSON,(804) 263-8817,8.Master Sport Women 35+,Donald Johnson,(804) 614-8876,F,VA,Women's Multisports of Richmond,,0,9999,,23238,1,Reg,Johnson
1031 Rolling Meadow Ln,,38,,XXC Men,Crozet,USA,3/6/1981 12:00:00 AM,joseph_perpetua@hotmail.com,30.00,Online,Joe,PERPETUA,(412) 759-0915,1.XXC Men,Lauren Perpetua,(215) 499-3573,M,VA,Blue Ridge Cyclery Racing,,0,9999,,22932,1,Reg,Perpetua
1962 Honeysuckle Ln,,21,,XXC Men,Cincinnati,USA,10/12/1998 12:00:00 AM,eviltwin768@gmail.com,30.00,Online,Joe,SMOTHERMAN,(513) 641-6160,1.XXC Men,Dale Smotherman,(513) 315-1723,M,OH,Virginia Tech,,0,9999,456426,45230,1,Reg,Smotherman
8127 Ships Crossing,,37,,Master Sport Men 35-44,Norfolk,USA,8/20/1982 12:00:00 AM,vjs0820@yahoo.com,30.00,Online,Joe,SONSON,(724) 263-3427,7.Master Sport Men 35-44,Summer Sonson,(724) 263-4063,M,VA,Otterhaus Racing/KF Construction,,0,9999,409346,23518,1,Reg,Sonson
940 W Princess Anne Rd,Apt A5,27,,Sport Women 19-34,Norfolk,USA,1/13/1992 12:00:00 AM,jneub001@odu.edu,30.00,Online,Johanna,NEUBER,(806) 470-0443,6.Sport Women 19-34,Thomas Carey,(720) 818-0020,F,VA,Rogue Velo Racing,,0,9999,542195,23507,1,Reg,Neuber
9026 Wildtree Drive,,48,,Master Expert Men 35+,Glen Allen,USA,11/15/1971 12:00:00 AM,johngonyo@gmail.com,30.00,Online,John,GONYO,(804) 747-5437,15.Master Expert Men 35+,Jean Gonyo,(804) 512-7984,M,VA,,,0,9999,,23060,1,Reg,Gonyo
53 E. Point rd.,,40,,Expert Men (open),Palmyra,USA,1/13/1979 12:00:00 AM,johnpetrylak@gmail.com,30.00,Online,John,PETRYLAK,(434) 531-6367,3.Expert Men (open),Amanda Petrylak,(434) 996-9886,M,VA,Carbo Rocket Pro MTB Team pb. Endeavor Cycles/Athlos/ESI grips,10089280194,0,9999,343064,22963,1,Reg,Petrylak
11701 Sandy Bluff Drive,,49,,XXC Master 45+,RICHMOND,USA,5/26/1970 12:00:00 AM,stratj@comcast.net,30.00,Online,John,STRATIOU,(804) 908-1494,17.XXC Master 45+,John Stratiou,(804) 908-4399,M,VA,,,0,9999,,23233,1,Reg,Stratiou
3761 Harborwood Road,,70,,Master Men 55+,Salem,USA,5/2/1949 12:00:00 AM,johnyates520@gmail.com,30.00,Online,John,YATES,(540) 293-5206,22.Master Men 55+,Lynn Yates,(540) 257-1152,M,VA,,,0,9999,,24153,1,Reg,Yates
1002 Highland Cir,,29,,T shirt - M; XXC Men,Blacksburg,USA,2/12/1990 12:00:00 AM,ramijon1@gmail.com,15.00; 30.00,Online,Jonathan,RAMIREZ,(586) 420-3219,T shirt - M; 1.XXC Men,Hugo Ramirez,(586) 945-5847,M,VA,,,0,9999,,24060,1,Merch; Reg,Ramirez
3838 Shawnee Trail,,42,,Master Sport Women 35+; Trail Maintenance Donations Welcomed - donation; T shirt - M,Salem,USA,12/23/1977 12:00:00 AM,karenrowe1@yahoo.com,30.00; 10.00; 24.00,Online,Karen,CHILDERS,(304) 540-5657,8.Master Sport Women 35+; Trail Maintenance Donations Welcomed - donation; T shirt - M,Matt Childers,(540) 525-7522,F,VA,,,0,9999,,24153,1; 10,Reg; Merch,Childers
2614 Mallard Dr,,37,,Master Sport Women 35+,Roanoke,USA,11/1/1982 12:00:00 AM,kssmith2789@gmail.com,30.00,Online,Katie,SMITH,(540) 266-8603,8.Master Sport Women 35+,Donny Smith,(540) 520-9474,F,VA,American Flyers,,0,9999,559027,24018-5144,1,Reg,Smith
471 Queen Anne Ct.,,49,,Master Expert Men 35+,Harrisonburg,USA,4/11/1970 12:00:00 AM,ken@rocktownbicycles.com,30.00,Online,Ken,BELL,(540) 421-4490,15.Master Expert Men 35+,Pamela Bell,(540) 432-3329,M,VA,Rocktown Bicycles,,0,9999,40719,22801,1,Reg,Bell
P.O. Box 528,,35,,Master Sport Men 35-44,Nellysford,USA,4/12/1984 12:00:00 AM,kevc02@gmail.com,30.00,Online,Kevin,CHILDRESS,(217) 714-6926,7.Master Sport Men 35-44,Amanda Brookman,(828) 577-2519,M,VA,Bold Rock Hard Cider,,0,9999,,22958,1,Reg,Childress
7 Berwyn CT,,32,,Sport Men  19-34,Pinehurst,USA,8/25/1987 12:00:00 AM,khernanj@gmail.com,30.00,Online,Kevin,HERNAN,(443) 465-1501,5.Sport Men  19-34,Samantha A Hernan,(443) 842-0726,M,NC,,,0,9999,,28374,1,Reg,Hernan
433 albemarle ave #6,,33,,XXC Men,Roanoke,USA,2/28/1986 12:00:00 AM,kmkaczmarski@gmail.com,30.00,Online,Kevin,KACZMARSKI,(703) 407-7010,1.XXC Men,Madi,(573) 645-8761,M,VA,Deschutes Brewery,,0,9999,,24016,1,Reg,Kaczmarski
1109 Kensington Pkwy,,40,,Master Sport Men 35-44,Forest,USA,11/8/1979 12:00:00 AM,kpittmanx4@gmail.com,30.00,Online,Kevin,PITTMAN,(434) 907-9025,7.Master Sport Men 35-44,Kristen Pittman,(434) 665-2216,M,VA,Blackwater Bike Shop Race Team,,0,9999,,24551,1,Reg,Pittman
166 Pheasant Dr,,22,,XXC Women,Harrisonburg,USA,7/30/1997 12:00:00 AM,leila.p.husain@gmail.com,30.00,Online,Leila,HUSAIN,(540) 908-1644,2.XXC Women,David Husain,(540) 442-0301,F,VA,Virginia Tech Cycling Team,,0,9999,,22840,1,Reg,Husain
6621 Belle Rive Dr W,,41,,XXC Men,FREDERICKSBURG,USA,1/7/1978 12:00:00 AM,LeviThorntonXC@Gmail.com,30.00,Online,Levi,THORNTON,(540) 841-6688,1.XXC Men,Amena,(540) 848-2484,M,VA,KELLY Benefit Strategies,,0,9999,360824,22407,1,Reg,Thornton
Tullidge Dr,,20,,XXC Men; T shirt - L,Staunton,USA,11/20/1999 12:00:00 AM,peak816@gmail.com,30.00; 15.00,Online,Logan,CASE,(540) 241-3386,1.XXC Men; T shirt - L,Renee Clark,(540) 292-1305,M,VA,,,0,9999,,24401,1,Reg; Merch,Case
5610 Riverside Dr,,59,,Expert Women (open),Richmond,USA,1/14/1960 12:00:00 AM,lorenepyt@aol.com,30.00,Online,Lorene,DAVIDSON,(804) 873-3959,4.Expert Women (open),Edward Ellenberger,(703) 569-9761,F,VA,Womens Multisports of Richmond,,0,9999,,23225,1,Reg,Davidson
8161 Little Florida Rd,,36,,T shirt - L; Master Sport Men 35-44,Mechanicsville,USA,12/30/1983 12:00:00 AM,evansm1283@yahoo.com,15.00; 30.00,Online,matt,EVANS,(540) 327-0339,T shirt - L; 7.Master Sport Men 35-44,pamela evans,(804) 246-9243,M,VA,,,0,9999,,23111,1,Merch; Reg,evans
7100 Wheeler rd,,22,,Expert Men (open),Richmond,USA,1/22/1997 12:00:00 AM,mbcpike@gmail.com,30.00,Online,Matt,PIKE,(804) 615-3929,3.Expert Men (open),Bernie Pike,(804) 615-3939,M,VA,Cutaway One South Realty,,0,9999,,23229,1,Reg,Pike
2297 Country Ln,,45,,XXC Master 45+; T shirt - L; Trail Maintenance Donations Welcomed - donation,MAIDENS,USA,3/5/1974 12:00:00 AM,mattwhitford@msn.com,30.00; 15.00,Online,Matt,WHITFORD,(706) 340-2959,17.XXC Master 45+; T shirt - L; Trail Maintenance Donations Welcomed - donation,Alex Dahlgren,(770) 855-8988,M,VA,,,0,9999,,23102,1; 15,Reg; Merch,Whitford
1847 Redwood RD SE,,25,,XXC Men,Roanoke,USA,4/30/1994 12:00:00 AM,mrclements430@gmail.com,30.00,Online,Matthew,CLEMENTS,(301) 524-4184,1.XXC Men,Callie Gregg,(540) 588-3104,M,VA,Deshutes CX Team,10062925092,0,9999,288741,24014,1,Reg,Clements
17218 Birchwood Drive,,41,,XXC Men,Culpeper,USA,6/8/1978 12:00:00 AM,mattkesecker@yahoo.com,30.00,Online,Matthew,KESECKER,(540) 661-6317,1.XXC Men,Kristin Kesecker,(540) 661-7231,M,VA,Blue Ridge Cyclery Trek p/b Reynolds GM/Subaru,,0,9999,396891,22701,1,Reg,Kesecker
1005 Ashby Pl.,,41,,Master Sport Men 35-44,Charlottesville,USA,6/5/1978 12:00:00 AM,mcclellandmc@hotmail.com,30.00,Online,Matthew,MCCLELLAND,(434) 996-8129,7.Master Sport Men 35-44,Sarah Nusairat,(614) 432-0787,M,VA,CAMBC,,0,9999,,22901,1,Reg,McClelland
2315 Rutrough Rd.,,30,,XXC Men,Roanoke,USA,3/29/1989 12:00:00 AM,mrmckeown29@gmail.com,30.00,Online,Matthew,MCKEOWN,(715) 977-0989,1.XXC Men,Michael McKeown,(919) 302-8846,M,VA,Deschutes Brewery Cyclocross Team - Roanoke,,0,9999,530887,24014,1,Reg,McKeown
716 monroe st ne 328,,41,,Beginner Men (open); Trail Maintenance Donations Welcomed - donation; T shirt - M,washington,USA,1/9/1978 12:00:00 AM,matt.mikuska@gmail.com,30.00; 5.00; 15.00,Online,matthew,MIKUSKA,(202) 403-9498,9.Beginner Men (open); Trail Maintenance Donations Welcomed - donation; T shirt - M,melissa mikuska,(815) 263-4815,M,DC,RAMBLA,,0,9999,,20017,1; 5,Reg; Merch,mikuska
5239 Graystone Rd,,38,,XXC Men,Warrenton,USA,6/30/1981 12:00:00 AM,matthewralph630@gmail.com,30.00,Online,Matthew,RALPH,(570) 604-3478,1.XXC Men,William/Pamela Ralph,(570) 390-4105,M,VA,CAMBO,,0,9999,,20187,1,Reg,Ralph
109 Blincoe Lane,,42,,Master Sport Men 35-44,Charlottesville,USA,10/3/1977 12:00:00 AM,matthew.spitzer@gmail.com,30.00,Online,Matthew,SPITZER,(434) 218-9307,7.Master Sport Men 35-44,Christen Duxbury,(434) 825-4891,M,VA,BRC Racing P/B Reynolds GM/Subaru,,0,9999,,22902,1,Reg,Spitzer
242 Ridge st,,31,,XXC Men; T shirt - S; Trail Maintenance Donations Welcomed - donation,Madison heights,USA,4/20/1988 12:00:00 AM,michael.cummins0027@gmail.com,30.00; 15.00; 50.00,Online,Michael,CUMMINS,(919) 800-9493,1.XXC Men; T shirt - S; Trail Maintenance Donations Welcomed - donation,Phil Cummins,(919) 368-4469,M,VA,"Bikes Unlimited, Lynchburg, VA",,0,9999,,24572,1; 50,Reg; Merch,Cummins
2005 Mason Hill Dr,,43,,Beginner Men (open),alexandria,USA,12/30/1976 12:00:00 AM,mjk1230@mac.com,30.00,Online,Michael,KREIZENBECK,(216) 308-1235,9.Beginner Men (open),Grant,(574) 286-0111,M,VA,RAMBLA,,0,9999,,22307,1,Reg,Kreizenbeck
8827 Barn Owl Ct,,51,,XXC Master 45+,Gainesville,USA,4/25/1968 12:00:00 AM,cyclingtherapy@gmail.com,30.00,Online,Michael,MULLINS,(571) 247-3809,17.XXC Master 45+,Julie Mullins,(571) 247-3284,M,VA,QMTB - Quantico Mountain Bike Club,,0,9999,,20155,1,Reg,Mullins
,,,,Expert Men (open),Richmond,,,whitfimb@hotmail.com,0.00,Manual,Michael,WHITFIELD,,3.Expert Men (open),Holley Whitfield,(804) 720-8720,X,VA,RVA Racing,,0,9999,,,1,Reg,Whitfield
1705 Gales Ct,,41,,XXC Men,Winston-Salem,USA,10/20/1978 12:00:00 AM,Mikestr8@aol.com,30.00,Online,Michaels,BLANKENSHIP,(336) 655-6403,1.XXC Men,Jenny Pruitt,(336) 408-8970,M,NC,--None--,,0,9999,,27103,1,Reg,Blankenship
1515 Lexington Drive,,34,,Sport Men  19-34,Lynchburg,USA,7/7/1985 12:00:00 AM,mpetrikonis@gmail.com,30.00,Online,Mike,PETRIKONIS,(434) 363-5312,5.Sport Men  19-34,Virginia Petrikonis,(434) 941-0343,M,VA,Dire Wolf Racing,,0,9999,565391,24503,1,Reg,Petrikonis
5101 Elk Lane,,56,,Master Men 55+,Basalt,USA,9/22/1963 12:00:00 AM,bmpskier@aol.com,30.00,Online,Mike,STOLL,(970) 309-8165,22.Master Men 55+,adele paynter,(410) 258-4428,M,CO,,,0,9999,247535,81621,1,Reg,Stoll
1603 Kenwood Ln.,,44,,Master Sport Women 35+,Charlottesville,USA,5/10/1975 12:00:00 AM,meemdev@gmail.com,30.00,Online,Mimi,POHL,(434) 228-0450,8.Master Sport Women 35+,Frank Pohl,(434) 466-7458,F,VA,,,0,9999,,22901,1,Reg,Pohl
5834 Winnbrook Drive,,47,,Master Sport Women 35+,Roanoke,USA,12/30/1972 12:00:00 AM,mraza_us@yahoo.com,30.00,Online,Mona,RAZA,(304) 952-9966,8.Master Sport Women 35+,Quasir Raza,(540) 632-6922,F,VA,Roanoke Valley Devo/JTRG,,0,9999,INTL-IND,24018,1,Reg,Raza
1042 Ladd Rd,,28,,Sport Men  19-34,Waynesboro,USA,4/19/1991 12:00:00 AM,densonholt@gmail.com,30.00,Online,Nicholas,HOLT,(479) 216-7398,5.Sport Men  19-34,Stephen Holt,(479) 619-7358,M,VA,Endeavor Cycles,USA19910419,0,9999,,22980,1,Reg,Holt
212 Walsing Dr,,57,,XXC Master 55+,Henrico,USA,12/7/1962 12:00:00 AM,,30.00,Online,Patrick,HAMPTON,(805) 909-2187,23.XXC Master 55+,Becky,(805) 400-0103,M,VA,Schnur Racing,,0,9999,218958,23229,1,Reg,Hampton
3800 weeping willow drive,Apartment H,23,,T shirt - XL; Beginner Women (open),Lynchburg,USA,4/21/1996 12:00:00 AM,elombardo17@yahoo.com,15.00; 30.00,Online,Rachel,SPAULDING,(908) 952-3868,T shirt - XL; 10.Beginner Women (open),Eric Lombardo,(908) 952-3868,F,VA,,,0,9999,,24501,1,Merch; Reg,Spaulding
190 Friendship Rd,,68,,T shirt - XL; Master Men 55+,Narrows,USA,1/29/1951 12:00:00 AM,ralphwrobertson@earthlink.net,15.00; 30.00,Online,Ralph W,ROBERTSON,(540) 726-3713,T shirt - XL; 22.Master Men 55+,Lori Robertson,(540) 726-3713,M,VA,,,0,9999,,24124,1,Merch; Reg,Robertson
13 Ancell St,,46,,Master  Men 45 - 54,Alexandria,USA,6/18/1973 12:00:00 AM,xcmcafee@gmail.com,30.00,Online,Richard,MCAFEE,(703) 678-8468,13.Master  Men 45 - 54,JoMarie Hoholik,(703) 200-3837,M,VA,The Bike Lane,,0,9999,188027,22305,1,Reg,McAfee
307 18th St. NE,,40,,XXC Men,Charlottesville,USA,5/23/1979 12:00:00 AM,richard.serton@gmail.com,30.00,Online,Richard,SERTON,(203) 417-8655,1.XXC Men,Charlotte Rogers,(315) 436-7563,M,VA,Blue Ridge Cyclery Racing p/b Reynolds GMC/Subaru & Big Pippin Hard Cider,,0,9999,241062,22902,1,Reg,Serton
4308 Hillcrest Rd,,34,,Singlespeed,Richmond,USA,10/6/1985 12:00:00 AM,rileygorman4@gmail.com,30.00,Online,Riley,GORMAN,(757) 710-7064,14.Singlespeed,Penelope Davenport,(804) 921-8089,M,VA,,,0,9999,,23225,1,Reg,Gorman
10 n crenshaw ave,,36,,Master Sport Men 35-44; Trail Maintenance Donations Welcomed - donation,Richmond,USA,3/10/1983 12:00:00 AM,bob.mcmillen@gmail.com,30.00; 15.00,Online,Robert,MCMILLEN,(540) 533-0016,7.Master Sport Men 35-44; Trail Maintenance Donations Welcomed - donation,Jordan deButts,(703) 727-2629,M,VA,,,0,9999,,23221,1; 15,Reg; Merch,McMillen
800 Semmes Avenue,,25,,Sport Men  19-34; T shirt - XL,Richmond,USA,9/20/1994 12:00:00 AM,payne920r@gmail.com,30.00; 15.00,Online,Ronald,PAYNE,(434) 960-7302,5.Sport Men  19-34; T shirt - XL,Pauline Johnson,(434) 960-7304,M,VA,Endeavor Cycles,,0,9999,,23224,1,Reg; Merch,Payne
609 Saint Charles Ave,,39,,T shirt - L; XXC Men,Charlottesville,USA,7/31/1980 12:00:00 AM,,15.00; 30.00,Online,Ryan,CURRAN,(703) 655-0037,T shirt - L; 1.XXC Men,Francesca Tripodi,(202) 375-3315,M,VA,,,0,9999,,22902,1,Merch; Reg,Curran
1215 North Fort Myer Drive,Apt 507,33,,XXC Singlespeed,Arlington,USA,10/23/1986 12:00:00 AM,aubuchon37@gmail.com,30.00,Online,Scott,AUBUCHON,(636) 399-1148,18.XXC Singlespeed,Debbie Aubuchon,(636) 399-1317,M,VA,,,0,9999,567392,22209,1,Reg,Aubuchon
8960 Deep Creek Place,,53,,Master  Men 45 - 54,Amelia Court House,USA,1/15/1966 12:00:00 AM,jsmersiowsky@gmail.com,30.00,Online,Scott,MERSIOWSKY,(540) 226-6593,13.Master  Men 45 - 54,Julie Mersiowsky,(434) 414-6082,M,VA,Forward Racing,,0,9999,,23002,1,Reg,Mersiowsky
219 Pine Ridge Lane,,51,,XXC Master 45+,Charlottesville,USA,1/14/1968 12:00:00 AM,ssramsey@gmail.com,30.00,Online,Scott,RAMSEY,(434) 260-1404,17.XXC Master 45+,Ellen Ramsey,(434) 981-0207,M,VA,Blue Ridge Cyclery Trek p/b Reynolds GM/Subaru,,0,9999,54048,22911,1,Reg,Ramsey
9052 Gold Ridge Lane,,45,,Master  Men 45 - 54,Mechanicsville,USA,1/2/1974 12:00:00 AM,scott.terbush@gmail.com,30.00,Online,Scott,TERBUSH,(804) 332-3535,13.Master  Men 45 - 54,CarrieTerbush,(804) 332-3534,M,VA,RVA MTB,,0,9999,,23116,1,Reg,Terbush
3080 Briarwood Ct,,49,,Master  Men 45 - 54; T shirt - L,Rockingham,USA,4/9/1970 12:00:00 AM,seanmdevitt@gmail.com,30.00; 15.00,Online,Sean,DEVITT,(540) 209-0448,13.Master  Men 45 - 54; T shirt - L,Catherine Devitt,(540) 246-1716,M,VA,RVA Racing,,0,9999,,22801,1,Reg; Merch,Devitt
5925 Kentia TRL,,44,,Beginner Men (open),Lorton,USA,5/31/1975 12:00:00 AM,seth.kirkland@gmail.com,30.00,Online,Seth,KIRKLAND,(703) 200-5030,9.Beginner Men (open),Kathryn Kirkland,(202) 246-3502,M,VA,RAMBLA,,0,9999,,22079,1,Reg,Kirkland
101 Berkley Place,,36,,Beginner Men (open); T shirt - M,Forest,USA,3/31/1983 12:00:00 AM,hckastroll@gmail.com,30.00; 15.00,Online,Skip,KASTROLL,(904) 806-1509,9.Beginner Men (open); T shirt - M,Emily Kastroll,(904) 347-4427,M,VA,Blackwater Bikeshop Race Team,,0,9999,,24551,1,Reg; Merch,Kastroll
3008 Hill St,Unit 104,29,,T shirt - M; Beginner Men (open),Lynchburg,USA,1/11/1990 12:00:00 AM,zeabari02@gmail.com,15.00; 30.00,Online,Spencer,ZEABARI,(248) 520-3625,T shirt - M; 9.Beginner Men (open),Meg Zeabari,(248) 520-1807,M,VA,,,0,9999,,24501,1,Merch; Reg,Zeabari
2918 carolina ave,,58,,Master Sport Women 35+; Trail Maintenance Donations Welcomed - donation,roanoke,USA,4/8/1961 12:00:00 AM,snagyagren@yahoo.com,30.00; 5.00,Online,Steph,AGREN,(540) 597-5811,8.Master Sport Women 35+; Trail Maintenance Donations Welcomed - donation,Evelyn Agren,(540) 597-7612,F,VA,,,0,9999,,24014,1; 5,Reg; Merch,Agren
,,,,XXC Master 55+,Eagle Neck,,,stevej.craigcreek@hotmail.com,0.00,Manual,Steve,JOHNSON,,23.XXC Master 55+,Dody Ridge,99999999999,X,VA,Cullz,,0,9999,,,1,Reg,Johnson
316 George Washington HWY N,,21,,Expert Men (open),Chesapeake,USA,8/4/1998 12:00:00 AM,mcndaboys@yahoo.com,30.00,Online,Thomas,CAREY,(757) 818-3132,3.Expert Men (open),Michael Carey,(757) 818-3132,M,VA,,USA19980804,0,9999,309307,23323,1,Reg,Carey
1392 Virginia Woods Dr.,,57,,Master Men 55+; T shirt - XL,Moneta,USA,7/4/1962 12:00:00 AM,wvmtodd@gmail.com,30.00; 15.00,Online,Todd,GILLEY,(540) 312-3470,22.Master Men 55+; T shirt - XL,Petra Gilley,(540) 297-8423,M,VA,,,0,9999,,24121,1,Reg; Merch,Gilley
w